{
  "BENIGN": 0.08284593064808715,
  "DoS Hulk": 0.8419956940934195,
  "PortScan": 1.1800518984385864,
  "DDoS": 1.463750569550218,
  "DoS GoldenEye": 18.207108736134725,
  "FTP-Patator": 23.616467128754465,
  "SSH-Patator": 31.782347537276518,
  "DoS slowloris": 32.48479595521849,
  "DoS Slowhttptest": 34.07986663635675,
  "Bot": 95.85507246376811,
  "Web Attack \u2013 Brute Force": 124.41272475795297,
  "Web Attack \u2013 XSS": 287.7492002559181,
  "Infiltration": 5354.190476190476,
  "Web Attack \u2013 Sql Injection": 9369.833333333334,
  "Heartbleed": 18739.666666666668
}