{
  "BENIGN": 0.07959269626259186,
  "DoS Hulk": 0.6108496002046605,
  "PortScan": 0.7793486831408293,
  "DDoS": 0.9016848106568485,
  "DoS GoldenEye": 2.9552804571830333,
  "FTP-Patator": 3.203415614470921,
  "SSH-Patator": 3.4898901856775257,
  "DoS slowloris": 3.5110914837259615,
  "DoS Slowhttptest": 3.557627365796549,
  "Bot": 4.573215762913811,
  "Web Attack \u2013 Brute Force": 4.831610096399656,
  "Web Attack \u2013 XSS": 5.665558492155694,
  "Infiltration": 8.585821552032728,
  "Web Attack \u2013 Sql Injection": 9.145357307599461,
  "Heartbleed": 9.838451129688293
}